<?xml version="1.0" encoding="UTF-8" ?>
<!DOCTYPE configuration
        PUBLIC "-//mybatis.org//DTD Config 3.0//EN"
        "http://mybatis.org/dtd/mybatis-3-config.dtd">
<configuration>
    <typeAliases>
        <!-- 包名扫描 -->
        <package name="com.vilicode.bean"/>
    </typeAliases>
    <mappers>
        <mapper resource="com/vilicode/mapper/UserMapper.xml"/>
        <mapper resource="com/vilicode/mapper/BookMapper.xml"/>
        <mapper resource="com/vilicode/mapper/RecommendMapper.xml"/>
        <mapper resource="com/vilicode/mapper/BookTypeMapper.xml"/>
        <mapper resource="com/vilicode/mapper/OrderMapper.xml"/>
    </mappers>
</configuration>